{"cameraMode":{"drawMode":0,"name":"Shaded","section":"Shading Mode"},"sceneLighting":true,"audioPlay":false,"sceneViewState":{"showFog":true,"showMaterialUpdate":false,"showSkybox":false,"showFlares":true,"showImageEffects":true,"showParticleSystems":true},"in2DMode":false,"pivot":{"x":11.010851860046387,"y":-1.3457942008972169,"z":-16.255332946777345},"rotation":{"x":0.019450131803750993,"y":-0.9472997784614563,"z":0.31434378027915957,"w":0.05861416459083557},"size":8.51451587677002,"orthographic":false}