{"cameraMode":{"drawMode":0,"name":"Shaded","section":"Shading Mode"},"sceneLighting":false,"audioPlay":false,"sceneViewState":{"showFog":true,"showMaterialUpdate":false,"showSkybox":false,"showFlares":true,"showImageEffects":true,"showParticleSystems":true},"in2DMode":false,"pivot":{"x":-0.29473933577537539,"y":1.3537453413009644,"z":3.716945171356201},"rotation":{"x":0.019450131803750993,"y":-0.9472997784614563,"z":0.31434378027915957,"w":0.05861416459083557},"size":3.254387617111206,"orthographic":false}