{"cameraMode":{"drawMode":0,"name":"Shaded","section":"Shading Mode"},"sceneLighting":true,"audioPlay":false,"sceneViewState":{"showFog":true,"showMaterialUpdate":false,"showSkybox":false,"showFlares":true,"showImageEffects":true,"showParticleSystems":true},"in2DMode":false,"pivot":{"x":23.962268829345704,"y":3.166196823120117,"z":-21.86558723449707},"rotation":{"x":-0.0726262778043747,"y":-0.8210590481758118,"z":0.10725818574428559,"w":-0.5559543967247009},"size":1.5098321437835694,"orthographic":false}