{"cameraMode":{"drawMode":0,"name":"Shaded","section":"Shading Mode"},"sceneLighting":false,"audioPlay":false,"sceneViewState":{"showFog":true,"showMaterialUpdate":false,"showSkybox":false,"showFlares":true,"showImageEffects":true,"showParticleSystems":true},"in2DMode":false,"pivot":{"x":11.900452613830567,"y":0.18646955490112306,"z":12.913261413574219},"rotation":{"x":0.15535347163677216,"y":-0.65214604139328,"z":0.13900017738342286,"w":0.7288722395896912},"size":12.050614356994629,"orthographic":false}