{"cameraMode":{"drawMode":0,"name":"Shaded","section":"Shading Mode"},"sceneLighting":true,"audioPlay":false,"sceneViewState":{"showFog":true,"showMaterialUpdate":false,"showSkybox":false,"showFlares":true,"showImageEffects":true,"showParticleSystems":true},"in2DMode":false,"pivot":{"x":10.94955825805664,"y":-0.6662225723266602,"z":-43.69456481933594},"rotation":{"x":0.019450131803750993,"y":-0.9472997784614563,"z":0.31434378027915957,"w":0.05861416459083557},"size":13.54958724975586,"orthographic":false}