{"cameraMode":{"drawMode":0,"name":"Shaded","section":"Shading Mode"},"sceneLighting":false,"audioPlay":false,"sceneViewState":{"showFog":true,"showMaterialUpdate":false,"showSkybox":false,"showFlares":true,"showImageEffects":true,"showParticleSystems":true},"in2DMode":false,"pivot":{"x":17.157398223876954,"y":7.4592108726501469,"z":-38.64170455932617},"rotation":{"x":0.10069546848535538,"y":-0.8965396285057068,"z":0.2655875086784363,"w":0.3399173319339752},"size":74.42317199707031,"orthographic":false}