{"cameraMode":{"drawMode":0,"name":"Shaded","section":"Shading Mode"},"sceneLighting":true,"audioPlay":false,"sceneViewState":{"showFog":true,"showMaterialUpdate":false,"showSkybox":false,"showFlares":true,"showImageEffects":true,"showParticleSystems":true},"in2DMode":false,"pivot":{"x":11.937387466430664,"y":3.8430871963500978,"z":-23.90408706665039},"rotation":{"x":0.010057377628982067,"y":-0.9862397313117981,"z":0.1514754593372345,"w":0.06548018008470535},"size":4.007065773010254,"orthographic":false}