{"cameraMode":{"drawMode":0,"name":"Shaded","section":"Shading Mode"},"sceneLighting":true,"audioPlay":false,"sceneViewState":{"showFog":true,"showMaterialUpdate":false,"showSkybox":false,"showFlares":true,"showImageEffects":true,"showParticleSystems":true},"in2DMode":false,"pivot":{"x":17.60828399658203,"y":3.5000998973846437,"z":-24.140859603881837},"rotation":{"x":-0.040652621537446979,"y":-0.9589258432388306,"z":0.1834263652563095,"w":-0.2125236839056015},"size":4.436087131500244,"orthographic":false}