{"cameraMode":{"drawMode":0,"name":"Shaded","section":"Shading Mode"},"sceneLighting":false,"audioPlay":false,"sceneViewState":{"showFog":true,"showMaterialUpdate":false,"showSkybox":false,"showFlares":true,"showImageEffects":true,"showParticleSystems":true},"in2DMode":false,"pivot":{"x":0.19680029153823853,"y":0.8838154077529907,"z":0.37496256828308108},"rotation":{"x":0.14247703552246095,"y":-0.854869544506073,"z":0.31447675824165347,"w":0.3873109221458435},"size":5.454524993896484,"orthographic":false}