{"cameraMode":{"drawMode":0,"name":"Shaded","section":"Shading Mode"},"sceneLighting":false,"audioPlay":false,"sceneViewState":{"showFog":true,"showMaterialUpdate":false,"showSkybox":false,"showFlares":true,"showImageEffects":true,"showParticleSystems":true},"in2DMode":false,"pivot":{"x":-22.150890350341798,"y":3.851888656616211,"z":13.900115966796875},"rotation":{"x":0.014313943684101105,"y":-0.9732152819633484,"z":0.2205934375524521,"w":0.0631491020321846},"size":79.36482238769531,"orthographic":false}